Line_ID,Total_Length_km,Line_Type,Num_Substations,Annual_Cost
2398000126189247158,338,AC735,2,233333.33333333334
-4455996597090219470,730,AC735,4,366666.6666666667
1936014021726007376,33,AC735,1,166666.6666666667
-4455996597090219470,730,AC735,4,366666.6666666667
6517779461935629128,1000,DC450,7,703333.3333333334
-3289641969568972466,616,ACTEST,4,453333.8333333333
