Line_ID,Total_Length_km,Line_Type,Num_Substations,Annual_Cost
854933138250798382,338,AC735,1,166666.6666666667
-4159922525489606410,730,AC735,2,233333.33333333334
-4139288107322633165,33,AC735,1,166666.6666666667
-4159922525489606410,730,AC735,2,233333.33333333334
-7326685911052047962,1000,DC450,2,233333.33333333334
8049430674446511759,616,ACTEST,1,245000.75
