Length_km,Line_Type,Num_Substations,Annual_Cost
300,AC735,2,233333.33333333334
400,DC450,2,286666.6666666666
250,AC735,1,170000.0
